Order Date,Order ID,Product,Category,Region,Salesperson,Quantity,Unit Price,Sales,Channel
2026-07-12,DB-1001,Field Notebook,Stationery,South,Jordan,2,12.0,24.0,Partner
2026-07-12,DB-1002,Field Notebook,Stationery,North,Taylor,2,13.2,26.4,Retail
2026-07-12,DB-1003,Field Notebook,Stationery,South,Taylor,1,12.0,12.0,Partner
2026-07-12,DB-1004,Field Notebook,Stationery,West,Jordan,2,13.2,26.4,Retail
2026-07-12,DB-1005,Wireless Mouse,Electronics,South,Riley,1,32.4,32.4,Retail
2026-07-12,DB-1006,Travel Mug,Accessories,North,Avery,1,24.0,24.0,Retail
2026-07-13,DB-1007,Travel Mug,Accessories,East,Avery,3,26.4,79.2,Partner
2026-07-13,DB-1008,Canvas Tote,Accessories,North,Taylor,1,18.0,18.0,Retail
2026-07-13,DB-1009,Weekly Planner,Stationery,South,Avery,2,16.0,32.0,Online
2026-07-13,DB-1010,Weekly Planner,Stationery,North,Jordan,1,16.0,16.0,Online
2026-07-13,DB-1011,Canvas Tote,Accessories,South,Morgan,1,18.0,18.0,Retail
2026-07-13,DB-1012,Desk Lamp,Office,South,Taylor,2,43.2,86.4,Partner
2026-07-14,DB-1013,Desk Lamp,Office,South,Morgan,1,48.0,48.0,Online
2026-07-14,DB-1014,Desk Lamp,Office,West,Morgan,2,48.0,96.0,Online
2026-07-14,DB-1015,Desk Lamp,Office,East,Jordan,3,52.8,158.4,Partner
2026-07-14,DB-1016,Canvas Tote,Accessories,South,Morgan,1,18.0,18.0,Online
2026-07-14,DB-1017,Desk Lamp,Office,East,Taylor,2,52.8,105.6,Retail
2026-07-14,DB-1018,Wireless Mouse,Electronics,South,Taylor,1,36.0,36.0,Retail
2026-07-14,DB-1019,Field Notebook,Stationery,South,Jordan,2,10.8,21.6,Partner
2026-07-14,DB-1020,Canvas Tote,Accessories,West,Taylor,2,18.0,36.0,Retail
2026-07-15,DB-1021,Travel Mug,Accessories,North,Taylor,4,21.6,86.4,Retail
2026-07-15,DB-1022,Weekly Planner,Stationery,West,Jordan,1,16.0,16.0,Retail
2026-07-15,DB-1023,Field Notebook,Stationery,South,Taylor,4,12.0,48.0,Online
2026-07-15,DB-1024,Weekly Planner,Stationery,South,Jordan,1,17.6,17.6,Retail
2026-07-15,DB-1025,Desk Lamp,Office,North,Taylor,1,52.8,52.8,Retail
2026-07-15,DB-1026,Canvas Tote,Accessories,East,Jordan,1,18.0,18.0,Online
2026-07-15,DB-1027,Desk Lamp,Office,North,Riley,3,43.2,129.6,Online
2026-07-15,DB-1028,Wireless Mouse,Electronics,West,Taylor,2,36.0,72.0,Online
2026-07-15,DB-1029,Travel Mug,Accessories,West,Jordan,1,26.4,26.4,Partner
2026-07-15,DB-1030,Weekly Planner,Stationery,West,Morgan,2,16.0,32.0,Retail
2026-07-15,DB-1031,Wireless Mouse,Electronics,South,Avery,1,36.0,36.0,Retail
2026-07-15,DB-1032,Field Notebook,Stationery,South,Avery,2,12.0,24.0,Online
2026-07-15,DB-1033,Weekly Planner,Stationery,North,Avery,2,16.0,32.0,Retail
2026-07-16,DB-1034,Wireless Mouse,Electronics,South,Taylor,1,36.0,36.0,Online
2026-07-16,DB-1035,Weekly Planner,Stationery,West,Jordan,3,17.6,52.8,Retail
2026-07-16,DB-1036,Canvas Tote,Accessories,West,Morgan,1,16.2,16.2,Retail
2026-07-16,DB-1037,Canvas Tote,Accessories,North,Avery,1,16.2,16.2,Retail
2026-07-16,DB-1038,Weekly Planner,Stationery,South,Jordan,1,14.4,14.4,Online
2026-07-16,DB-1039,Wireless Mouse,Electronics,South,Morgan,1,36.0,36.0,Retail
2026-07-17,DB-1040,Field Notebook,Stationery,North,Avery,1,13.2,13.2,Partner
2026-07-17,DB-1041,Wireless Mouse,Electronics,South,Jordan,3,32.4,97.2,Retail
2026-07-17,DB-1042,Canvas Tote,Accessories,North,Jordan,1,18.0,18.0,Retail
2026-07-17,DB-1043,Field Notebook,Stationery,West,Morgan,4,12.0,48.0,Retail
2026-07-17,DB-1044,Weekly Planner,Stationery,West,Jordan,4,17.6,70.4,Online
2026-07-17,DB-1045,Travel Mug,Accessories,North,Morgan,1,21.6,21.6,Online
2026-07-17,DB-1046,Field Notebook,Stationery,South,Avery,2,13.2,26.4,Partner
2026-07-17,DB-1047,Field Notebook,Stationery,North,Jordan,3,10.8,32.4,Retail
2026-07-18,DB-1048,Wireless Mouse,Electronics,North,Taylor,1,39.6,39.6,Online
2026-07-18,DB-1049,Canvas Tote,Accessories,East,Morgan,2,19.8,39.6,Online
2026-07-18,DB-1050,Weekly Planner,Stationery,East,Riley,2,16.0,32.0,Online
2026-07-18,DB-1051,Weekly Planner,Stationery,East,Avery,2,16.0,32.0,Online
2026-07-18,DB-1052,Canvas Tote,Accessories,North,Avery,2,19.8,39.6,Partner
2026-07-18,DB-1053,Desk Lamp,Office,East,Avery,1,48.0,48.0,Online
2026-07-19,DB-1054,Travel Mug,Accessories,East,Taylor,1,26.4,26.4,Partner
2026-07-19,DB-1055,Wireless Mouse,Electronics,East,Avery,1,39.6,39.6,Online
2026-07-19,DB-1056,Travel Mug,Accessories,South,Morgan,1,21.6,21.6,Retail
2026-07-19,DB-1057,Wireless Mouse,Electronics,South,Morgan,1,36.0,36.0,Partner
2026-07-19,DB-1058,Canvas Tote,Accessories,North,Riley,1,16.2,16.2,Retail
2026-07-19,DB-1059,Field Notebook,Stationery,East,Jordan,1,12.0,12.0,Partner
2026-07-19,DB-1060,Canvas Tote,Accessories,North,Avery,2,18.0,36.0,Online
2026-07-19,DB-1061,Weekly Planner,Stationery,North,Morgan,3,17.6,52.8,Partner
2026-07-19,DB-1062,Wireless Mouse,Electronics,North,Morgan,1,36.0,36.0,Retail
2026-07-19,DB-1063,Field Notebook,Stationery,South,Avery,3,12.0,36.0,Retail
2026-07-20,DB-1064,Canvas Tote,Accessories,South,Jordan,4,18.0,72.0,Online
2026-07-20,DB-1065,Canvas Tote,Accessories,West,Jordan,1,18.0,18.0,Retail
2026-07-20,DB-1066,Desk Lamp,Office,West,Avery,2,43.2,86.4,Retail
2026-07-20,DB-1067,Desk Lamp,Office,East,Morgan,1,48.0,48.0,Online
2026-07-20,DB-1068,Desk Lamp,Office,West,Morgan,1,48.0,48.0,Retail
2026-07-20,DB-1069,Field Notebook,Stationery,East,Taylor,4,12.0,48.0,Retail
2026-07-20,DB-1070,Weekly Planner,Stationery,East,Avery,4,17.6,70.4,Online
2026-07-20,DB-1071,Travel Mug,Accessories,North,Avery,1,24.0,24.0,Partner
2026-07-20,DB-1072,Canvas Tote,Accessories,West,Taylor,1,18.0,18.0,Partner
2026-07-20,DB-1073,Field Notebook,Stationery,South,Morgan,1,13.2,13.2,Online
2026-07-20,DB-1074,Weekly Planner,Stationery,South,Morgan,1,17.6,17.6,Retail
2026-07-20,DB-1075,Field Notebook,Stationery,East,Avery,3,12.0,36.0,Partner
2026-07-20,DB-1076,Travel Mug,Accessories,East,Riley,1,24.0,24.0,Partner
2026-07-21,DB-1077,Wireless Mouse,Electronics,West,Jordan,1,36.0,36.0,Partner
2026-07-21,DB-1078,Wireless Mouse,Electronics,North,Morgan,1,39.6,39.6,Retail
2026-07-21,DB-1079,Desk Lamp,Office,East,Riley,1,52.8,52.8,Retail
2026-07-21,DB-1080,Canvas Tote,Accessories,West,Jordan,2,19.8,39.6,Partner
2026-07-21,DB-1081,Field Notebook,Stationery,East,Avery,1,13.2,13.2,Online
2026-07-21,DB-1082,Weekly Planner,Stationery,South,Avery,1,16.0,16.0,Online
2026-07-21,DB-1083,Desk Lamp,Office,North,Riley,4,52.8,211.2,Retail
2026-07-21,DB-1084,Weekly Planner,Stationery,West,Riley,2,16.0,32.0,Online
2026-07-21,DB-1085,Desk Lamp,Office,North,Riley,2,43.2,86.4,Online
2026-07-22,DB-1086,Weekly Planner,Stationery,South,Avery,1,14.4,14.4,Retail
2026-07-22,DB-1087,Desk Lamp,Office,East,Riley,2,52.8,105.6,Partner
2026-07-22,DB-1088,Weekly Planner,Stationery,West,Jordan,3,16.0,48.0,Partner
2026-07-22,DB-1089,Canvas Tote,Accessories,East,Taylor,1,18.0,18.0,Retail
2026-07-22,DB-1090,Weekly Planner,Stationery,North,Morgan,1,16.0,16.0,Online
2026-07-22,DB-1091,Travel Mug,Accessories,North,Jordan,1,26.4,26.4,Online
2026-07-22,DB-1092,Desk Lamp,Office,South,Avery,1,48.0,48.0,Retail
2026-07-23,DB-1093,Travel Mug,Accessories,North,Jordan,1,24.0,24.0,Retail
2026-07-23,DB-1094,Canvas Tote,Accessories,North,Taylor,3,19.8,59.4,Retail
2026-07-23,DB-1095,Canvas Tote,Accessories,East,Riley,1,18.0,18.0,Retail
2026-07-23,DB-1096,Wireless Mouse,Electronics,South,Riley,2,39.6,79.2,Online
2026-07-23,DB-1097,Travel Mug,Accessories,West,Morgan,1,21.6,21.6,Partner
2026-07-23,DB-1098,Weekly Planner,Stationery,West,Jordan,2,16.0,32.0,Partner
2026-07-23,DB-1099,Wireless Mouse,Electronics,North,Avery,1,36.0,36.0,Partner
2026-07-23,DB-1100,Canvas Tote,Accessories,South,Avery,1,18.0,18.0,Retail
2026-07-23,DB-1101,Canvas Tote,Accessories,East,Morgan,1,18.0,18.0,Retail
2026-07-23,DB-1102,Travel Mug,Accessories,East,Avery,2,24.0,48.0,Retail
2026-07-23,DB-1103,Field Notebook,Stationery,East,Jordan,2,10.8,21.6,Partner
2026-07-24,DB-1104,Weekly Planner,Stationery,South,Jordan,1,14.4,14.4,Online
2026-07-24,DB-1105,Wireless Mouse,Electronics,West,Avery,1,36.0,36.0,Partner
2026-07-24,DB-1106,Desk Lamp,Office,East,Jordan,1,48.0,48.0,Partner
2026-07-24,DB-1107,Wireless Mouse,Electronics,South,Morgan,4,32.4,129.6,Online
2026-07-24,DB-1108,Wireless Mouse,Electronics,West,Riley,1,36.0,36.0,Partner
2026-07-24,DB-1109,Desk Lamp,Office,North,Morgan,1,48.0,48.0,Partner
2026-07-25,DB-1110,Wireless Mouse,Electronics,West,Morgan,2,36.0,72.0,Online
2026-07-25,DB-1111,Wireless Mouse,Electronics,West,Riley,2,32.4,64.8,Online
2026-07-25,DB-1112,Canvas Tote,Accessories,South,Riley,4,18.0,72.0,Online
2026-07-25,DB-1113,Weekly Planner,Stationery,West,Riley,1,16.0,16.0,Retail
2026-07-25,DB-1114,Weekly Planner,Stationery,South,Avery,2,16.0,32.0,Retail
2026-07-25,DB-1115,Canvas Tote,Accessories,West,Morgan,1,18.0,18.0,Online
2026-07-26,DB-1116,Travel Mug,Accessories,East,Morgan,1,24.0,24.0,Retail
2026-07-26,DB-1117,Travel Mug,Accessories,North,Taylor,3,24.0,72.0,Online
2026-07-26,DB-1118,Field Notebook,Stationery,West,Taylor,1,12.0,12.0,Online
2026-07-26,DB-1119,Weekly Planner,Stationery,West,Avery,1,16.0,16.0,Online
2026-07-26,DB-1120,Travel Mug,Accessories,East,Taylor,1,24.0,24.0,Retail
2026-07-26,DB-1121,Canvas Tote,Accessories,West,Taylor,2,18.0,36.0,Retail
2026-07-26,DB-1122,Travel Mug,Accessories,East,Morgan,2,24.0,48.0,Online
2026-07-26,DB-1123,Field Notebook,Stationery,North,Taylor,2,12.0,24.0,Partner
2026-07-26,DB-1124,Desk Lamp,Office,East,Taylor,1,48.0,48.0,Partner
2026-07-26,DB-1125,Wireless Mouse,Electronics,South,Morgan,1,32.4,32.4,Online
2026-07-26,DB-1126,Travel Mug,Accessories,South,Morgan,1,21.6,21.6,Online
2026-07-26,DB-1127,Field Notebook,Stationery,West,Avery,2,12.0,24.0,Online
2026-07-27,DB-1128,Canvas Tote,Accessories,South,Avery,1,18.0,18.0,Retail
2026-07-27,DB-1129,Canvas Tote,Accessories,West,Riley,1,16.2,16.2,Online
2026-07-27,DB-1130,Wireless Mouse,Electronics,South,Jordan,2,32.4,64.8,Partner
2026-07-27,DB-1131,Travel Mug,Accessories,North,Taylor,1,24.0,24.0,Retail
2026-07-27,DB-1132,Wireless Mouse,Electronics,South,Taylor,2,39.6,79.2,Retail
2026-07-27,DB-1133,Canvas Tote,Accessories,West,Morgan,3,18.0,54.0,Partner
2026-07-27,DB-1134,Wireless Mouse,Electronics,South,Jordan,1,32.4,32.4,Retail
2026-07-27,DB-1135,Weekly Planner,Stationery,South,Taylor,1,16.0,16.0,Online
2026-07-27,DB-1136,Desk Lamp,Office,West,Morgan,1,48.0,48.0,Online
2026-07-28,DB-1137,Travel Mug,Accessories,North,Jordan,2,24.0,48.0,Retail
2026-07-28,DB-1138,Weekly Planner,Stationery,West,Avery,2,16.0,32.0,Partner
2026-07-28,DB-1139,Desk Lamp,Office,South,Avery,2,48.0,96.0,Online
2026-07-28,DB-1140,Desk Lamp,Office,East,Riley,2,52.8,105.6,Online
2026-07-28,DB-1141,Canvas Tote,Accessories,East,Taylor,2,18.0,36.0,Partner
2026-07-28,DB-1142,Canvas Tote,Accessories,North,Riley,1,19.8,19.8,Partner
2026-07-28,DB-1143,Travel Mug,Accessories,North,Jordan,2,21.6,43.2,Partner
2026-07-28,DB-1144,Wireless Mouse,Electronics,East,Taylor,2,32.4,64.8,Online
2026-07-29,DB-1145,Canvas Tote,Accessories,East,Jordan,1,18.0,18.0,Partner
2026-07-29,DB-1146,Canvas Tote,Accessories,North,Riley,2,18.0,36.0,Retail
2026-07-29,DB-1147,Canvas Tote,Accessories,South,Morgan,1,16.2,16.2,Retail
2026-07-29,DB-1148,Weekly Planner,Stationery,North,Riley,1,16.0,16.0,Online
2026-07-29,DB-1149,Travel Mug,Accessories,West,Taylor,1,21.6,21.6,Online
2026-07-29,DB-1150,Weekly Planner,Stationery,West,Avery,3,16.0,48.0,Online
2026-07-29,DB-1151,Wireless Mouse,Electronics,West,Avery,1,36.0,36.0,Online
2026-07-30,DB-1152,Wireless Mouse,Electronics,West,Riley,1,36.0,36.0,Online
2026-07-30,DB-1153,Field Notebook,Stationery,South,Jordan,4,13.2,52.8,Retail
2026-07-30,DB-1154,Wireless Mouse,Electronics,North,Jordan,1,36.0,36.0,Online
2026-07-30,DB-1155,Canvas Tote,Accessories,West,Morgan,3,18.0,54.0,Partner
2026-07-30,DB-1156,Weekly Planner,Stationery,West,Jordan,1,16.0,16.0,Retail
2026-07-30,DB-1157,Wireless Mouse,Electronics,South,Avery,1,36.0,36.0,Retail
2026-07-30,DB-1158,Canvas Tote,Accessories,East,Avery,1,19.8,19.8,Retail
2026-07-30,DB-1159,Weekly Planner,Stationery,West,Jordan,1,17.6,17.6,Retail
2026-07-30,DB-1160,Wireless Mouse,Electronics,West,Riley,1,36.0,36.0,Retail
2026-07-31,DB-1161,Weekly Planner,Stationery,South,Riley,1,16.0,16.0,Online
2026-07-31,DB-1162,Travel Mug,Accessories,West,Jordan,2,24.0,48.0,Retail
2026-07-31,DB-1163,Field Notebook,Stationery,East,Avery,1,13.2,13.2,Retail
2026-07-31,DB-1164,Field Notebook,Stationery,North,Jordan,1,12.0,12.0,Retail
2026-07-31,DB-1165,Weekly Planner,Stationery,West,Morgan,4,14.4,57.6,Retail
2026-07-31,DB-1166,Wireless Mouse,Electronics,East,Taylor,2,32.4,64.8,Retail
2026-07-31,DB-1167,Travel Mug,Accessories,North,Taylor,2,24.0,48.0,Online
2026-07-31,DB-1168,Desk Lamp,Office,South,Avery,2,48.0,96.0,Retail
2026-08-01,DB-1169,Weekly Planner,Stationery,West,Jordan,2,14.4,28.8,Partner
2026-08-01,DB-1170,Travel Mug,Accessories,East,Avery,3,21.6,64.8,Retail
2026-08-01,DB-1171,Travel Mug,Accessories,South,Taylor,1,24.0,24.0,Retail
2026-08-01,DB-1172,Wireless Mouse,Electronics,South,Jordan,2,36.0,72.0,Online
2026-08-01,DB-1173,Wireless Mouse,Electronics,South,Riley,3,39.6,118.8,Partner
2026-08-01,DB-1174,Desk Lamp,Office,West,Morgan,1,48.0,48.0,Partner
2026-08-02,DB-1175,Canvas Tote,Accessories,South,Avery,3,19.8,59.4,Retail
2026-08-02,DB-1176,Travel Mug,Accessories,West,Morgan,4,24.0,96.0,Retail
2026-08-02,DB-1177,Travel Mug,Accessories,West,Avery,1,24.0,24.0,Online
2026-08-02,DB-1178,Canvas Tote,Accessories,East,Morgan,2,19.8,39.6,Online
2026-08-02,DB-1179,Weekly Planner,Stationery,North,Taylor,1,14.4,14.4,Partner
2026-08-03,DB-1180,Travel Mug,Accessories,East,Jordan,2,24.0,48.0,Partner
2026-08-03,DB-1181,Desk Lamp,Office,North,Avery,2,48.0,96.0,Retail
2026-08-03,DB-1182,Canvas Tote,Accessories,South,Avery,1,18.0,18.0,Retail
2026-08-03,DB-1183,Travel Mug,Accessories,South,Jordan,2,24.0,48.0,Partner
2026-08-03,DB-1184,Travel Mug,Accessories,South,Morgan,1,24.0,24.0,Retail
2026-08-03,DB-1185,Travel Mug,Accessories,North,Riley,2,24.0,48.0,Online
2026-08-03,DB-1186,Desk Lamp,Office,West,Taylor,2,48.0,96.0,Retail
2026-08-03,DB-1187,Field Notebook,Stationery,East,Taylor,2,10.8,21.6,Online
2026-08-03,DB-1188,Canvas Tote,Accessories,West,Morgan,1,18.0,18.0,Online
2026-08-03,DB-1189,Weekly Planner,Stationery,East,Taylor,1,14.4,14.4,Online
2026-08-03,DB-1190,Weekly Planner,Stationery,East,Riley,1,16.0,16.0,Online
2026-08-03,DB-1191,Desk Lamp,Office,East,Riley,1,43.2,43.2,Online
2026-08-04,DB-1192,Desk Lamp,Office,West,Riley,3,48.0,144.0,Retail
2026-08-04,DB-1193,Weekly Planner,Stationery,West,Taylor,3,17.6,52.8,Partner
2026-08-04,DB-1194,Weekly Planner,Stationery,North,Riley,1,16.0,16.0,Partner
2026-08-04,DB-1195,Canvas Tote,Accessories,North,Morgan,3,18.0,54.0,Online
2026-08-04,DB-1196,Canvas Tote,Accessories,East,Avery,1,18.0,18.0,Partner
2026-08-04,DB-1197,Travel Mug,Accessories,North,Riley,1,24.0,24.0,Retail
2026-08-05,DB-1198,Field Notebook,Stationery,North,Jordan,3,12.0,36.0,Partner
2026-08-05,DB-1199,Weekly Planner,Stationery,North,Morgan,2,14.4,28.8,Online
2026-08-05,DB-1200,Desk Lamp,Office,North,Taylor,2,48.0,96.0,Online
2026-08-05,DB-1201,Wireless Mouse,Electronics,East,Jordan,1,36.0,36.0,Partner
2026-08-05,DB-1202,Field Notebook,Stationery,South,Taylor,1,12.0,12.0,Retail
2026-08-05,DB-1203,Desk Lamp,Office,South,Avery,1,43.2,43.2,Retail
2026-08-05,DB-1204,Desk Lamp,Office,South,Morgan,2,43.2,86.4,Online
2026-08-05,DB-1205,Desk Lamp,Office,North,Avery,2,52.8,105.6,Retail
2026-08-06,DB-1206,Travel Mug,Accessories,West,Taylor,1,21.6,21.6,Online
2026-08-06,DB-1207,Wireless Mouse,Electronics,East,Riley,1,39.6,39.6,Partner
2026-08-06,DB-1208,Field Notebook,Stationery,West,Riley,1,12.0,12.0,Partner
2026-08-06,DB-1209,Field Notebook,Stationery,North,Avery,1,12.0,12.0,Retail
2026-08-06,DB-1210,Wireless Mouse,Electronics,East,Taylor,1,36.0,36.0,Partner
2026-08-06,DB-1211,Wireless Mouse,Electronics,West,Taylor,1,36.0,36.0,Partner
2026-08-06,DB-1212,Travel Mug,Accessories,West,Avery,1,26.4,26.4,Partner
2026-08-06,DB-1213,Field Notebook,Stationery,South,Riley,3,13.2,39.6,Retail
2026-08-06,DB-1214,Desk Lamp,Office,West,Riley,1,48.0,48.0,Partner
2026-08-06,DB-1215,Field Notebook,Stationery,East,Morgan,1,12.0,12.0,Online
2026-08-06,DB-1216,Weekly Planner,Stationery,North,Avery,3,14.4,43.2,Online
2026-08-06,DB-1217,Canvas Tote,Accessories,South,Taylor,1,18.0,18.0,Online
2026-08-07,DB-1218,Wireless Mouse,Electronics,West,Morgan,1,32.4,32.4,Partner
2026-08-07,DB-1219,Canvas Tote,Accessories,East,Taylor,3,16.2,48.6,Retail
2026-08-07,DB-1220,Travel Mug,Accessories,South,Jordan,1,26.4,26.4,Partner
2026-08-07,DB-1221,Canvas Tote,Accessories,East,Taylor,1,16.2,16.2,Retail
2026-08-07,DB-1222,Field Notebook,Stationery,South,Riley,2,13.2,26.4,Partner
2026-08-07,DB-1223,Wireless Mouse,Electronics,North,Taylor,2,39.6,79.2,Partner
2026-08-07,DB-1224,Weekly Planner,Stationery,East,Morgan,1,16.0,16.0,Retail
2026-08-07,DB-1225,Travel Mug,Accessories,West,Avery,1,24.0,24.0,Online
2026-08-07,DB-1226,Weekly Planner,Stationery,North,Taylor,2,14.4,28.8,Online
2026-08-07,DB-1227,Canvas Tote,Accessories,South,Morgan,1,18.0,18.0,Retail
2026-08-07,DB-1228,Weekly Planner,Stationery,North,Avery,1,17.6,17.6,Online
2026-08-07,DB-1229,Desk Lamp,Office,North,Morgan,2,43.2,86.4,Retail
2026-08-07,DB-1230,Weekly Planner,Stationery,West,Riley,1,17.6,17.6,Retail
2026-08-08,DB-1231,Wireless Mouse,Electronics,North,Morgan,1,36.0,36.0,Partner
2026-08-08,DB-1232,Weekly Planner,Stationery,East,Avery,2,17.6,35.2,Online
2026-08-08,DB-1233,Canvas Tote,Accessories,North,Jordan,4,16.2,64.8,Retail
2026-08-08,DB-1234,Desk Lamp,Office,East,Morgan,2,48.0,96.0,Online
2026-08-08,DB-1235,Field Notebook,Stationery,South,Jordan,1,12.0,12.0,Retail
2026-08-08,DB-1236,Wireless Mouse,Electronics,East,Avery,2,39.6,79.2,Retail
2026-08-08,DB-1237,Weekly Planner,Stationery,West,Avery,1,14.4,14.4,Retail
2026-08-08,DB-1238,Wireless Mouse,Electronics,West,Morgan,1,36.0,36.0,Online
2026-08-09,DB-1239,Field Notebook,Stationery,West,Morgan,4,12.0,48.0,Online
2026-08-09,DB-1240,Canvas Tote,Accessories,West,Taylor,3,18.0,54.0,Retail
2026-08-09,DB-1241,Wireless Mouse,Electronics,East,Jordan,1,36.0,36.0,Retail
2026-08-09,DB-1242,Desk Lamp,Office,South,Morgan,1,43.2,43.2,Retail
2026-08-09,DB-1243,Weekly Planner,Stationery,South,Avery,4,16.0,64.0,Online
2026-08-09,DB-1244,Travel Mug,Accessories,South,Avery,1,26.4,26.4,Online
2026-08-09,DB-1245,Weekly Planner,Stationery,West,Taylor,1,17.6,17.6,Partner
2026-08-09,DB-1246,Weekly Planner,Stationery,East,Jordan,4,16.0,64.0,Retail
2026-08-09,DB-1247,Field Notebook,Stationery,East,Taylor,1,12.0,12.0,Online
2026-08-09,DB-1248,Travel Mug,Accessories,West,Riley,1,24.0,24.0,Online
2026-08-09,DB-1249,Field Notebook,Stationery,North,Avery,1,12.0,12.0,Partner
2026-08-10,DB-1250,Canvas Tote,Accessories,North,Riley,1,19.8,19.8,Partner
2026-08-10,DB-1251,Weekly Planner,Stationery,West,Taylor,1,17.6,17.6,Online
2026-08-10,DB-1252,Field Notebook,Stationery,North,Taylor,1,12.0,12.0,Partner
2026-08-10,DB-1253,Desk Lamp,Office,West,Taylor,1,48.0,48.0,Partner
2026-08-10,DB-1254,Wireless Mouse,Electronics,East,Riley,1,36.0,36.0,Retail
2026-08-10,DB-1255,Travel Mug,Accessories,East,Avery,2,21.6,43.2,Retail
2026-08-10,DB-1256,Field Notebook,Stationery,East,Morgan,2,12.0,24.0,Partner
2026-08-10,DB-1257,Weekly Planner,Stationery,South,Morgan,4,17.6,70.4,Online
2026-08-10,DB-1258,Wireless Mouse,Electronics,East,Riley,2,36.0,72.0,Online
2026-08-10,DB-1259,Wireless Mouse,Electronics,East,Taylor,2,32.4,64.8,Retail
2026-08-10,DB-1260,Weekly Planner,Stationery,North,Riley,2,16.0,32.0,Partner
2026-08-10,DB-1261,Travel Mug,Accessories,South,Jordan,1,24.0,24.0,Retail
2026-08-10,DB-1262,Canvas Tote,Accessories,South,Avery,1,18.0,18.0,Retail
2026-08-11,DB-1263,Wireless Mouse,Electronics,North,Morgan,2,39.6,79.2,Partner
2026-08-11,DB-1264,Desk Lamp,Office,South,Jordan,2,48.0,96.0,Partner
2026-08-11,DB-1265,Wireless Mouse,Electronics,West,Avery,2,36.0,72.0,Retail
2026-08-11,DB-1266,Travel Mug,Accessories,West,Taylor,2,24.0,48.0,Retail
2026-08-11,DB-1267,Weekly Planner,Stationery,South,Morgan,2,16.0,32.0,Retail
2026-08-11,DB-1268,Desk Lamp,Office,West,Riley,1,52.8,52.8,Retail
2026-08-12,DB-1269,Wireless Mouse,Electronics,South,Taylor,1,36.0,36.0,Online
2026-08-12,DB-1270,Travel Mug,Accessories,East,Taylor,1,24.0,24.0,Online
2026-08-12,DB-1271,Weekly Planner,Stationery,East,Avery,3,14.4,43.2,Online
2026-08-12,DB-1272,Travel Mug,Accessories,South,Riley,1,26.4,26.4,Online
2026-08-12,DB-1273,Desk Lamp,Office,North,Riley,2,48.0,96.0,Online
2026-08-12,DB-1274,Canvas Tote,Accessories,West,Avery,1,18.0,18.0,Retail
2026-08-12,DB-1275,Desk Lamp,Office,East,Jordan,1,43.2,43.2,Online
2026-08-12,DB-1276,Field Notebook,Stationery,South,Riley,1,12.0,12.0,Retail
2026-08-12,DB-1277,Wireless Mouse,Electronics,North,Morgan,1,32.4,32.4,Online
2026-08-12,DB-1278,Desk Lamp,Office,West,Avery,1,52.8,52.8,Retail
2026-08-12,DB-1279,Desk Lamp,Office,South,Riley,1,43.2,43.2,Partner
2026-08-13,DB-1280,Field Notebook,Stationery,North,Taylor,1,12.0,12.0,Partner
2026-08-13,DB-1281,Desk Lamp,Office,West,Avery,2,48.0,96.0,Partner
2026-08-13,DB-1282,Travel Mug,Accessories,South,Avery,1,24.0,24.0,Partner
2026-08-13,DB-1283,Travel Mug,Accessories,North,Riley,1,26.4,26.4,Retail
2026-08-13,DB-1284,Field Notebook,Stationery,East,Avery,2,12.0,24.0,Retail
2026-08-13,DB-1285,Field Notebook,Stationery,East,Jordan,1,10.8,10.8,Online
2026-08-13,DB-1286,Travel Mug,Accessories,West,Riley,1,24.0,24.0,Partner
2026-08-13,DB-1287,Desk Lamp,Office,West,Avery,2,43.2,86.4,Retail
2026-08-13,DB-1288,Desk Lamp,Office,North,Morgan,1,48.0,48.0,Retail
2026-08-13,DB-1289,Wireless Mouse,Electronics,West,Morgan,1,39.6,39.6,Online
2026-08-13,DB-1290,Weekly Planner,Stationery,North,Morgan,1,16.0,16.0,Retail
2026-08-13,DB-1291,Field Notebook,Stationery,West,Riley,2,12.0,24.0,Retail
2026-08-14,DB-1292,Desk Lamp,Office,East,Taylor,1,48.0,48.0,Retail
2026-08-14,DB-1293,Field Notebook,Stationery,West,Taylor,2,10.8,21.6,Online
2026-08-14,DB-1294,Wireless Mouse,Electronics,North,Morgan,1,32.4,32.4,Partner
2026-08-14,DB-1295,Travel Mug,Accessories,West,Jordan,1,26.4,26.4,Partner
2026-08-14,DB-1296,Canvas Tote,Accessories,East,Taylor,1,16.2,16.2,Retail
2026-08-14,DB-1297,Travel Mug,Accessories,North,Riley,2,21.6,43.2,Retail
2026-08-14,DB-1298,Wireless Mouse,Electronics,North,Jordan,2,36.0,72.0,Partner
2026-08-14,DB-1299,Weekly Planner,Stationery,South,Avery,2,14.4,28.8,Online
2026-08-14,DB-1300,Weekly Planner,Stationery,North,Taylor,1,16.0,16.0,Online
2026-08-14,DB-1301,Weekly Planner,Stationery,East,Riley,1,16.0,16.0,Online
2026-08-15,DB-1302,Wireless Mouse,Electronics,East,Jordan,1,36.0,36.0,Online
2026-08-15,DB-1303,Field Notebook,Stationery,West,Taylor,2,12.0,24.0,Online
2026-08-15,DB-1304,Travel Mug,Accessories,South,Taylor,2,24.0,48.0,Retail
2026-08-15,DB-1305,Weekly Planner,Stationery,South,Avery,3,16.0,48.0,Online
2026-08-15,DB-1306,Field Notebook,Stationery,North,Morgan,1,12.0,12.0,Partner
2026-08-15,DB-1307,Travel Mug,Accessories,East,Morgan,2,26.4,52.8,Online
2026-08-15,DB-1308,Weekly Planner,Stationery,East,Taylor,2,16.0,32.0,Online
2026-08-16,DB-1309,Desk Lamp,Office,West,Avery,2,48.0,96.0,Retail
2026-08-16,DB-1310,Wireless Mouse,Electronics,South,Taylor,2,36.0,72.0,Online
2026-08-16,DB-1311,Field Notebook,Stationery,West,Riley,1,12.0,12.0,Partner
2026-08-16,DB-1312,Field Notebook,Stationery,North,Riley,1,12.0,12.0,Retail
2026-08-16,DB-1313,Weekly Planner,Stationery,South,Jordan,1,16.0,16.0,Retail
2026-08-16,DB-1314,Wireless Mouse,Electronics,North,Taylor,3,32.4,97.2,Online
2026-08-17,DB-1315,Desk Lamp,Office,East,Taylor,1,48.0,48.0,Retail
2026-08-17,DB-1316,Field Notebook,Stationery,East,Jordan,1,13.2,13.2,Partner
2026-08-17,DB-1317,Travel Mug,Accessories,South,Taylor,2,21.6,43.2,Partner
2026-08-17,DB-1318,Desk Lamp,Office,East,Taylor,1,52.8,52.8,Online
2026-08-17,DB-1319,Field Notebook,Stationery,East,Jordan,1,13.2,13.2,Partner
2026-08-17,DB-1320,Canvas Tote,Accessories,West,Taylor,2,16.2,32.4,Retail
2026-08-17,DB-1321,Weekly Planner,Stationery,South,Riley,4,16.0,64.0,Retail
2026-08-17,DB-1322,Canvas Tote,Accessories,South,Riley,1,16.2,16.2,Retail
2026-08-17,DB-1323,Canvas Tote,Accessories,South,Morgan,1,18.0,18.0,Partner
2026-08-18,DB-1324,Weekly Planner,Stationery,West,Jordan,4,16.0,64.0,Retail
2026-08-18,DB-1325,Wireless Mouse,Electronics,South,Riley,2,36.0,72.0,Online
2026-08-18,DB-1326,Travel Mug,Accessories,North,Avery,1,24.0,24.0,Retail
2026-08-18,DB-1327,Canvas Tote,Accessories,South,Jordan,3,18.0,54.0,Retail
2026-08-18,DB-1328,Wireless Mouse,Electronics,South,Riley,2,36.0,72.0,Partner
2026-08-18,DB-1329,Canvas Tote,Accessories,West,Avery,1,18.0,18.0,Online
2026-08-18,DB-1330,Canvas Tote,Accessories,South,Taylor,1,18.0,18.0,Retail
2026-08-18,DB-1331,Field Notebook,Stationery,West,Morgan,1,12.0,12.0,Partner
2026-08-18,DB-1332,Field Notebook,Stationery,South,Morgan,3,12.0,36.0,Partner
2026-08-18,DB-1333,Travel Mug,Accessories,North,Riley,2,24.0,48.0,Online
2026-08-19,DB-1334,Desk Lamp,Office,North,Riley,1,48.0,48.0,Partner
2026-08-19,DB-1335,Canvas Tote,Accessories,North,Jordan,2,18.0,36.0,Online
2026-08-19,DB-1336,Canvas Tote,Accessories,East,Jordan,1,18.0,18.0,Online
2026-08-19,DB-1337,Wireless Mouse,Electronics,North,Avery,1,39.6,39.6,Online
2026-08-19,DB-1338,Desk Lamp,Office,West,Jordan,2,48.0,96.0,Partner
2026-08-19,DB-1339,Wireless Mouse,Electronics,East,Jordan,1,39.6,39.6,Retail
2026-08-19,DB-1340,Wireless Mouse,Electronics,East,Taylor,2,36.0,72.0,Partner
2026-08-19,DB-1341,Wireless Mouse,Electronics,East,Riley,1,39.6,39.6,Online
2026-08-19,DB-1342,Travel Mug,Accessories,West,Taylor,1,21.6,21.6,Retail
2026-08-19,DB-1343,Weekly Planner,Stationery,West,Morgan,3,14.4,43.2,Partner
2026-08-19,DB-1344,Wireless Mouse,Electronics,West,Jordan,2,32.4,64.8,Partner
2026-08-19,DB-1345,Weekly Planner,Stationery,South,Jordan,2,16.0,32.0,Online
2026-08-19,DB-1346,Wireless Mouse,Electronics,South,Avery,3,32.4,97.2,Retail
2026-08-20,DB-1347,Canvas Tote,Accessories,West,Taylor,1,18.0,18.0,Partner
2026-08-20,DB-1348,Canvas Tote,Accessories,South,Taylor,3,16.2,48.6,Online
2026-08-20,DB-1349,Wireless Mouse,Electronics,West,Morgan,1,36.0,36.0,Online
2026-08-20,DB-1350,Canvas Tote,Accessories,East,Morgan,3,18.0,54.0,Partner
2026-08-20,DB-1351,Canvas Tote,Accessories,East,Taylor,1,18.0,18.0,Retail
2026-08-20,DB-1352,Desk Lamp,Office,East,Jordan,3,48.0,144.0,Partner
2026-08-20,DB-1353,Weekly Planner,Stationery,East,Taylor,1,16.0,16.0,Partner
2026-08-20,DB-1354,Travel Mug,Accessories,West,Riley,1,26.4,26.4,Retail
2026-08-20,DB-1355,Desk Lamp,Office,North,Morgan,1,48.0,48.0,Retail
2026-08-20,DB-1356,Weekly Planner,Stationery,South,Jordan,1,16.0,16.0,Partner
2026-08-21,DB-1357,Wireless Mouse,Electronics,North,Taylor,2,36.0,72.0,Partner
2026-08-21,DB-1358,Wireless Mouse,Electronics,South,Jordan,1,32.4,32.4,Online
2026-08-21,DB-1359,Field Notebook,Stationery,North,Jordan,1,12.0,12.0,Online
2026-08-21,DB-1360,Wireless Mouse,Electronics,West,Riley,4,36.0,144.0,Retail
2026-08-21,DB-1361,Weekly Planner,Stationery,East,Morgan,1,16.0,16.0,Partner
2026-08-21,DB-1362,Field Notebook,Stationery,South,Taylor,3,10.8,32.4,Partner
2026-08-21,DB-1363,Weekly Planner,Stationery,South,Riley,3,14.4,43.2,Online
2026-08-21,DB-1364,Field Notebook,Stationery,West,Jordan,4,12.0,48.0,Partner
2026-08-21,DB-1365,Travel Mug,Accessories,East,Taylor,3,21.6,64.8,Partner
2026-08-22,DB-1366,Travel Mug,Accessories,West,Jordan,1,26.4,26.4,Partner
2026-08-22,DB-1367,Canvas Tote,Accessories,East,Jordan,1,16.2,16.2,Partner
2026-08-22,DB-1368,Canvas Tote,Accessories,North,Morgan,2,18.0,36.0,Retail
2026-08-22,DB-1369,Wireless Mouse,Electronics,South,Taylor,2,36.0,72.0,Partner
2026-08-22,DB-1370,Canvas Tote,Accessories,East,Avery,2,19.8,39.6,Retail
2026-08-22,DB-1371,Weekly Planner,Stationery,West,Morgan,1,16.0,16.0,Online
2026-08-23,DB-1372,Travel Mug,Accessories,East,Morgan,1,24.0,24.0,Retail
2026-08-23,DB-1373,Wireless Mouse,Electronics,East,Morgan,2,32.4,64.8,Partner
2026-08-23,DB-1374,Desk Lamp,Office,West,Morgan,1,43.2,43.2,Online
2026-08-23,DB-1375,Canvas Tote,Accessories,North,Morgan,2,18.0,36.0,Retail
2026-08-23,DB-1376,Wireless Mouse,Electronics,West,Jordan,1,36.0,36.0,Retail
2026-08-24,DB-1377,Canvas Tote,Accessories,South,Jordan,2,18.0,36.0,Partner
2026-08-24,DB-1378,Wireless Mouse,Electronics,West,Taylor,3,32.4,97.2,Partner
2026-08-24,DB-1379,Travel Mug,Accessories,North,Avery,1,26.4,26.4,Partner
2026-08-24,DB-1380,Wireless Mouse,Electronics,South,Jordan,1,39.6,39.6,Retail
2026-08-24,DB-1381,Wireless Mouse,Electronics,West,Avery,1,36.0,36.0,Partner
2026-08-24,DB-1382,Canvas Tote,Accessories,South,Taylor,2,18.0,36.0,Retail
2026-08-24,DB-1383,Canvas Tote,Accessories,West,Morgan,2,19.8,39.6,Partner
2026-08-24,DB-1384,Field Notebook,Stationery,South,Taylor,1,10.8,10.8,Online
2026-08-24,DB-1385,Field Notebook,Stationery,North,Avery,1,10.8,10.8,Retail
2026-08-24,DB-1386,Field Notebook,Stationery,South,Riley,1,12.0,12.0,Retail
2026-08-25,DB-1387,Canvas Tote,Accessories,West,Avery,3,18.0,54.0,Partner
2026-08-25,DB-1388,Weekly Planner,Stationery,East,Avery,3,16.0,48.0,Online
2026-08-25,DB-1389,Wireless Mouse,Electronics,South,Avery,1,36.0,36.0,Online
2026-08-25,DB-1390,Travel Mug,Accessories,West,Taylor,1,26.4,26.4,Retail
2026-08-25,DB-1391,Desk Lamp,Office,South,Morgan,1,48.0,48.0,Online
2026-08-25,DB-1392,Weekly Planner,Stationery,West,Taylor,2,14.4,28.8,Online
2026-08-25,DB-1393,Desk Lamp,Office,North,Riley,1,43.2,43.2,Partner
2026-08-25,DB-1394,Weekly Planner,Stationery,South,Avery,2,14.4,28.8,Retail
2026-08-25,DB-1395,Canvas Tote,Accessories,North,Jordan,1,18.0,18.0,Partner
2026-08-25,DB-1396,Travel Mug,Accessories,East,Taylor,1,26.4,26.4,Partner
2026-08-25,DB-1397,Weekly Planner,Stationery,East,Jordan,2,16.0,32.0,Partner
2026-08-26,DB-1398,Desk Lamp,Office,North,Taylor,1,48.0,48.0,Partner
2026-08-26,DB-1399,Weekly Planner,Stationery,West,Avery,3,16.0,48.0,Retail
2026-08-26,DB-1400,Weekly Planner,Stationery,East,Riley,2,17.6,35.2,Retail
2026-08-26,DB-1401,Desk Lamp,Office,West,Jordan,1,48.0,48.0,Online
2026-08-26,DB-1402,Travel Mug,Accessories,West,Avery,3,24.0,72.0,Partner
2026-08-26,DB-1403,Canvas Tote,Accessories,South,Riley,4,19.8,79.2,Online
2026-08-26,DB-1404,Travel Mug,Accessories,West,Morgan,1,21.6,21.6,Online
2026-08-26,DB-1405,Wireless Mouse,Electronics,North,Morgan,2,36.0,72.0,Retail
2026-08-26,DB-1406,Weekly Planner,Stationery,North,Jordan,2,14.4,28.8,Partner
2026-08-26,DB-1407,Weekly Planner,Stationery,West,Jordan,2,16.0,32.0,Retail
2026-08-26,DB-1408,Travel Mug,Accessories,South,Jordan,4,21.6,86.4,Partner
2026-08-26,DB-1409,Field Notebook,Stationery,South,Taylor,2,12.0,24.0,Partner
2026-08-26,DB-1410,Desk Lamp,Office,East,Morgan,1,48.0,48.0,Retail
2026-08-27,DB-1411,Wireless Mouse,Electronics,East,Morgan,2,36.0,72.0,Partner
2026-08-27,DB-1412,Canvas Tote,Accessories,East,Jordan,1,18.0,18.0,Retail
2026-08-27,DB-1413,Travel Mug,Accessories,South,Jordan,1,26.4,26.4,Online
2026-08-27,DB-1414,Travel Mug,Accessories,West,Morgan,2,26.4,52.8,Online
2026-08-27,DB-1415,Desk Lamp,Office,South,Riley,1,48.0,48.0,Partner
2026-08-27,DB-1416,Weekly Planner,Stationery,East,Riley,3,16.0,48.0,Partner
2026-08-27,DB-1417,Weekly Planner,Stationery,South,Morgan,2,16.0,32.0,Online
2026-08-27,DB-1418,Desk Lamp,Office,South,Taylor,2,48.0,96.0,Partner
2026-08-27,DB-1419,Field Notebook,Stationery,North,Avery,1,10.8,10.8,Retail
2026-08-27,DB-1420,Desk Lamp,Office,North,Jordan,3,48.0,144.0,Online
2026-08-27,DB-1421,Desk Lamp,Office,North,Taylor,1,48.0,48.0,Partner
2026-08-27,DB-1422,Weekly Planner,Stationery,West,Avery,3,16.0,48.0,Online
2026-08-28,DB-1423,Wireless Mouse,Electronics,East,Taylor,1,32.4,32.4,Retail
2026-08-28,DB-1424,Field Notebook,Stationery,South,Avery,1,12.0,12.0,Online
2026-08-28,DB-1425,Wireless Mouse,Electronics,East,Morgan,1,36.0,36.0,Retail
2026-08-28,DB-1426,Canvas Tote,Accessories,West,Taylor,1,18.0,18.0,Online
2026-08-28,DB-1427,Weekly Planner,Stationery,North,Avery,1,14.4,14.4,Retail
2026-08-28,DB-1428,Canvas Tote,Accessories,North,Avery,1,18.0,18.0,Partner
2026-08-28,DB-1429,Desk Lamp,Office,East,Taylor,1,48.0,48.0,Online
2026-08-28,DB-1430,Wireless Mouse,Electronics,South,Taylor,3,36.0,108.0,Retail
2026-08-28,DB-1431,Travel Mug,Accessories,East,Taylor,1,21.6,21.6,Partner
2026-08-28,DB-1432,Weekly Planner,Stationery,North,Jordan,1,16.0,16.0,Partner
2026-08-28,DB-1433,Desk Lamp,Office,North,Morgan,2,48.0,96.0,Online
2026-08-28,DB-1434,Wireless Mouse,Electronics,East,Riley,1,36.0,36.0,Partner
2026-08-28,DB-1435,Desk Lamp,Office,East,Avery,2,43.2,86.4,Online
2026-08-29,DB-1436,Desk Lamp,Office,West,Morgan,3,48.0,144.0,Online
2026-08-29,DB-1437,Weekly Planner,Stationery,West,Jordan,1,16.0,16.0,Retail
2026-08-29,DB-1438,Wireless Mouse,Electronics,South,Taylor,3,36.0,108.0,Partner
2026-08-29,DB-1439,Canvas Tote,Accessories,East,Jordan,1,19.8,19.8,Partner
2026-08-29,DB-1440,Field Notebook,Stationery,West,Jordan,1,12.0,12.0,Partner
2026-08-29,DB-1441,Canvas Tote,Accessories,North,Avery,1,16.2,16.2,Retail
2026-08-29,DB-1442,Canvas Tote,Accessories,North,Jordan,1,18.0,18.0,Online
2026-08-29,DB-1443,Desk Lamp,Office,West,Avery,1,52.8,52.8,Online
2026-08-29,DB-1444,Field Notebook,Stationery,East,Riley,1,10.8,10.8,Online
2026-08-29,DB-1445,Travel Mug,Accessories,South,Taylor,1,21.6,21.6,Partner
2026-08-29,DB-1446,Desk Lamp,Office,South,Morgan,2,48.0,96.0,Retail
2026-08-30,DB-1447,Canvas Tote,Accessories,West,Morgan,1,18.0,18.0,Retail
2026-08-30,DB-1448,Travel Mug,Accessories,East,Morgan,1,21.6,21.6,Online
2026-08-30,DB-1449,Weekly Planner,Stationery,South,Riley,2,17.6,35.2,Online
2026-08-30,DB-1450,Desk Lamp,Office,East,Taylor,1,48.0,48.0,Retail
2026-08-30,DB-1451,Travel Mug,Accessories,South,Morgan,1,24.0,24.0,Retail
2026-08-30,DB-1452,Wireless Mouse,Electronics,West,Morgan,3,36.0,108.0,Online
2026-08-30,DB-1453,Canvas Tote,Accessories,West,Taylor,4,18.0,72.0,Online
2026-08-30,DB-1454,Travel Mug,Accessories,East,Avery,1,24.0,24.0,Partner
2026-08-30,DB-1455,Desk Lamp,Office,South,Taylor,2,52.8,105.6,Online
2026-08-31,DB-1456,Weekly Planner,Stationery,North,Riley,1,16.0,16.0,Partner
2026-08-31,DB-1457,Canvas Tote,Accessories,South,Morgan,1,18.0,18.0,Partner
2026-08-31,DB-1458,Desk Lamp,Office,North,Riley,2,48.0,96.0,Partner
2026-08-31,DB-1459,Canvas Tote,Accessories,West,Taylor,2,19.8,39.6,Online
2026-08-31,DB-1460,Travel Mug,Accessories,North,Avery,2,26.4,52.8,Online
2026-08-31,DB-1461,Weekly Planner,Stationery,North,Taylor,2,16.0,32.0,Partner
2026-08-31,DB-1462,Weekly Planner,Stationery,West,Avery,2,16.0,32.0,Online
2026-08-31,DB-1463,Field Notebook,Stationery,South,Riley,1,13.2,13.2,Retail
2026-08-31,DB-1464,Canvas Tote,Accessories,South,Morgan,1,19.8,19.8,Online
2026-08-31,DB-1465,Canvas Tote,Accessories,North,Avery,1,18.0,18.0,Partner
2026-08-31,DB-1466,Desk Lamp,Office,West,Jordan,1,48.0,48.0,Partner
2026-08-31,DB-1467,Canvas Tote,Accessories,West,Riley,1,16.2,16.2,Retail
2026-09-01,DB-1468,Travel Mug,Accessories,North,Morgan,1,21.6,21.6,Partner
2026-09-01,DB-1469,Field Notebook,Stationery,South,Taylor,2,12.0,24.0,Online
2026-09-01,DB-1470,Wireless Mouse,Electronics,West,Riley,1,39.6,39.6,Online
2026-09-01,DB-1471,Canvas Tote,Accessories,West,Riley,2,18.0,36.0,Online
2026-09-01,DB-1472,Weekly Planner,Stationery,West,Taylor,2,16.0,32.0,Retail
2026-09-01,DB-1473,Canvas Tote,Accessories,South,Morgan,1,18.0,18.0,Partner
2026-09-02,DB-1474,Wireless Mouse,Electronics,South,Morgan,1,39.6,39.6,Retail
2026-09-02,DB-1475,Desk Lamp,Office,West,Taylor,1,48.0,48.0,Partner
2026-09-02,DB-1476,Travel Mug,Accessories,West,Taylor,2,26.4,52.8,Online
2026-09-02,DB-1477,Travel Mug,Accessories,South,Morgan,1,24.0,24.0,Partner
2026-09-02,DB-1478,Wireless Mouse,Electronics,East,Avery,1,36.0,36.0,Online
2026-09-02,DB-1479,Travel Mug,Accessories,South,Taylor,1,24.0,24.0,Retail
2026-09-03,DB-1480,Wireless Mouse,Electronics,West,Jordan,1,36.0,36.0,Retail
2026-09-03,DB-1481,Weekly Planner,Stationery,South,Riley,1,16.0,16.0,Retail
2026-09-03,DB-1482,Desk Lamp,Office,North,Morgan,1,48.0,48.0,Online
2026-09-03,DB-1483,Canvas Tote,Accessories,West,Riley,1,18.0,18.0,Partner
2026-09-03,DB-1484,Canvas Tote,Accessories,West,Jordan,1,18.0,18.0,Online
2026-09-03,DB-1485,Wireless Mouse,Electronics,East,Avery,1,36.0,36.0,Retail
2026-09-03,DB-1486,Desk Lamp,Office,West,Taylor,1,48.0,48.0,Partner
2026-09-03,DB-1487,Canvas Tote,Accessories,North,Morgan,1,16.2,16.2,Partner
2026-09-03,DB-1488,Travel Mug,Accessories,West,Taylor,1,21.6,21.6,Online
2026-09-03,DB-1489,Canvas Tote,Accessories,East,Avery,1,18.0,18.0,Retail
2026-09-03,DB-1490,Travel Mug,Accessories,West,Avery,1,21.6,21.6,Online
2026-09-04,DB-1491,Weekly Planner,Stationery,West,Jordan,2,16.0,32.0,Partner
2026-09-04,DB-1492,Desk Lamp,Office,North,Taylor,2,48.0,96.0,Retail
2026-09-04,DB-1493,Wireless Mouse,Electronics,South,Morgan,1,39.6,39.6,Partner
2026-09-04,DB-1494,Travel Mug,Accessories,North,Jordan,1,24.0,24.0,Retail
2026-09-04,DB-1495,Field Notebook,Stationery,South,Jordan,4,12.0,48.0,Online
2026-09-04,DB-1496,Weekly Planner,Stationery,West,Riley,1,16.0,16.0,Online
2026-09-04,DB-1497,Wireless Mouse,Electronics,West,Riley,2,36.0,72.0,Online
2026-09-04,DB-1498,Weekly Planner,Stationery,West,Taylor,2,14.4,28.8,Partner
2026-09-05,DB-1499,Weekly Planner,Stationery,West,Riley,3,16.0,48.0,Retail
2026-09-05,DB-1500,Wireless Mouse,Electronics,West,Morgan,1,32.4,32.4,Online
2026-09-05,DB-1501,Wireless Mouse,Electronics,South,Riley,1,36.0,36.0,Retail
2026-09-05,DB-1502,Travel Mug,Accessories,South,Taylor,2,24.0,48.0,Retail
2026-09-05,DB-1503,Travel Mug,Accessories,North,Avery,3,21.6,64.8,Partner
2026-09-05,DB-1504,Canvas Tote,Accessories,West,Riley,1,18.0,18.0,Online
2026-09-05,DB-1505,Canvas Tote,Accessories,East,Jordan,1,18.0,18.0,Retail
2026-09-05,DB-1506,Field Notebook,Stationery,North,Morgan,2,12.0,24.0,Partner
2026-09-05,DB-1507,Weekly Planner,Stationery,East,Jordan,1,16.0,16.0,Retail
2026-09-06,DB-1508,Weekly Planner,Stationery,West,Avery,1,16.0,16.0,Online
2026-09-06,DB-1509,Wireless Mouse,Electronics,North,Avery,1,36.0,36.0,Partner
2026-09-06,DB-1510,Travel Mug,Accessories,South,Riley,2,24.0,48.0,Online
2026-09-06,DB-1511,Desk Lamp,Office,North,Morgan,1,43.2,43.2,Retail
2026-09-06,DB-1512,Travel Mug,Accessories,South,Avery,1,24.0,24.0,Partner
2026-09-06,DB-1513,Wireless Mouse,Electronics,West,Morgan,1,36.0,36.0,Partner
2026-09-07,DB-1514,Weekly Planner,Stationery,West,Jordan,2,16.0,32.0,Online
2026-09-07,DB-1515,Field Notebook,Stationery,West,Morgan,1,10.8,10.8,Retail
2026-09-07,DB-1516,Travel Mug,Accessories,East,Avery,2,24.0,48.0,Online
2026-09-07,DB-1517,Wireless Mouse,Electronics,East,Avery,2,39.6,79.2,Partner
2026-09-07,DB-1518,Travel Mug,Accessories,South,Riley,1,26.4,26.4,Retail
2026-09-07,DB-1519,Weekly Planner,Stationery,West,Riley,1,16.0,16.0,Online
2026-09-07,DB-1520,Desk Lamp,Office,North,Taylor,1,52.8,52.8,Online
2026-09-07,DB-1521,Travel Mug,Accessories,West,Taylor,3,24.0,72.0,Retail
2026-09-08,DB-1522,Wireless Mouse,Electronics,North,Avery,2,36.0,72.0,Partner
2026-09-08,DB-1523,Field Notebook,Stationery,North,Avery,1,12.0,12.0,Retail
2026-09-08,DB-1524,Wireless Mouse,Electronics,West,Riley,1,39.6,39.6,Partner
2026-09-08,DB-1525,Canvas Tote,Accessories,South,Morgan,1,19.8,19.8,Online
2026-09-08,DB-1526,Travel Mug,Accessories,South,Taylor,1,24.0,24.0,Retail
2026-09-08,DB-1527,Canvas Tote,Accessories,East,Riley,2,16.2,32.4,Partner
2026-09-08,DB-1528,Desk Lamp,Office,West,Avery,1,43.2,43.2,Retail
2026-09-08,DB-1529,Wireless Mouse,Electronics,South,Avery,2,36.0,72.0,Online
2026-09-08,DB-1530,Weekly Planner,Stationery,South,Riley,1,14.4,14.4,Retail
2026-09-08,DB-1531,Wireless Mouse,Electronics,South,Morgan,1,36.0,36.0,Online
2026-09-09,DB-1532,Weekly Planner,Stationery,East,Riley,3,14.4,43.2,Retail
2026-09-09,DB-1533,Wireless Mouse,Electronics,North,Riley,1,39.6,39.6,Retail
2026-09-09,DB-1534,Wireless Mouse,Electronics,South,Morgan,1,36.0,36.0,Online
2026-09-09,DB-1535,Travel Mug,Accessories,North,Jordan,2,26.4,52.8,Partner
2026-09-09,DB-1536,Wireless Mouse,Electronics,South,Avery,1,32.4,32.4,Retail
2026-09-09,DB-1537,Travel Mug,Accessories,South,Avery,1,24.0,24.0,Partner
2026-09-09,DB-1538,Weekly Planner,Stationery,South,Morgan,2,16.0,32.0,Online
2026-09-09,DB-1539,Canvas Tote,Accessories,East,Avery,3,18.0,54.0,Partner
2026-09-09,DB-1540,Travel Mug,Accessories,South,Jordan,1,21.6,21.6,Partner
2026-09-10,DB-1541,Canvas Tote,Accessories,East,Morgan,1,18.0,18.0,Retail
2026-09-10,DB-1542,Field Notebook,Stationery,East,Jordan,2,10.8,21.6,Retail
2026-09-10,DB-1543,Wireless Mouse,Electronics,South,Riley,2,39.6,79.2,Retail
2026-09-10,DB-1544,Wireless Mouse,Electronics,South,Jordan,4,36.0,144.0,Online
2026-09-10,DB-1545,Canvas Tote,Accessories,East,Avery,1,19.8,19.8,Retail
2026-09-11,DB-1546,Weekly Planner,Stationery,North,Jordan,1,16.0,16.0,Partner
2026-09-11,DB-1547,Desk Lamp,Office,South,Morgan,1,43.2,43.2,Online
2026-09-11,DB-1548,Field Notebook,Stationery,West,Morgan,3,13.2,39.6,Retail
2026-09-11,DB-1549,Weekly Planner,Stationery,South,Riley,1,14.4,14.4,Online
2026-09-11,DB-1550,Wireless Mouse,Electronics,South,Jordan,2,36.0,72.0,Retail
2026-09-12,DB-1551,Travel Mug,Accessories,East,Morgan,3,24.0,72.0,Retail
2026-09-12,DB-1552,Travel Mug,Accessories,South,Taylor,1,24.0,24.0,Online
2026-09-12,DB-1553,Desk Lamp,Office,West,Morgan,1,48.0,48.0,Retail
2026-09-12,DB-1554,Field Notebook,Stationery,West,Morgan,1,12.0,12.0,Retail
2026-09-12,DB-1555,Travel Mug,Accessories,South,Morgan,3,21.6,64.8,Partner
2026-09-12,DB-1556,Weekly Planner,Stationery,East,Jordan,2,16.0,32.0,Online
2026-09-12,DB-1557,Weekly Planner,Stationery,West,Taylor,1,16.0,16.0,Online
2026-09-12,DB-1558,Weekly Planner,Stationery,North,Riley,1,16.0,16.0,Retail
2026-09-12,DB-1559,Wireless Mouse,Electronics,North,Riley,2,36.0,72.0,Online
2026-09-13,DB-1560,Field Notebook,Stationery,South,Jordan,1,12.0,12.0,Retail
2026-09-13,DB-1561,Travel Mug,Accessories,East,Avery,2,21.6,43.2,Online
2026-09-13,DB-1562,Field Notebook,Stationery,South,Avery,1,12.0,12.0,Retail
2026-09-13,DB-1563,Field Notebook,Stationery,North,Jordan,1,12.0,12.0,Partner
2026-09-13,DB-1564,Canvas Tote,Accessories,West,Avery,2,18.0,36.0,Retail
2026-09-13,DB-1565,Weekly Planner,Stationery,South,Jordan,1,16.0,16.0,Retail
2026-09-13,DB-1566,Travel Mug,Accessories,North,Taylor,1,24.0,24.0,Partner
2026-09-14,DB-1567,Weekly Planner,Stationery,West,Avery,1,16.0,16.0,Online
2026-09-14,DB-1568,Travel Mug,Accessories,South,Taylor,1,24.0,24.0,Online
2026-09-14,DB-1569,Weekly Planner,Stationery,North,Riley,4,17.6,70.4,Partner
2026-09-14,DB-1570,Travel Mug,Accessories,East,Taylor,1,24.0,24.0,Partner
2026-09-14,DB-1571,Travel Mug,Accessories,North,Morgan,1,24.0,24.0,Partner
2026-09-14,DB-1572,Desk Lamp,Office,North,Riley,1,48.0,48.0,Partner
2026-09-14,DB-1573,Travel Mug,Accessories,South,Avery,2,24.0,48.0,Online
2026-09-14,DB-1574,Weekly Planner,Stationery,North,Jordan,1,17.6,17.6,Partner
2026-09-15,DB-1575,Travel Mug,Accessories,South,Jordan,3,24.0,72.0,Partner
2026-09-15,DB-1576,Travel Mug,Accessories,North,Morgan,2,24.0,48.0,Partner
2026-09-15,DB-1577,Wireless Mouse,Electronics,West,Taylor,1,36.0,36.0,Retail
2026-09-15,DB-1578,Desk Lamp,Office,North,Jordan,1,43.2,43.2,Partner
2026-09-15,DB-1579,Desk Lamp,Office,North,Morgan,1,48.0,48.0,Partner
2026-09-15,DB-1580,Desk Lamp,Office,South,Morgan,2,48.0,96.0,Online
2026-09-15,DB-1581,Field Notebook,Stationery,North,Taylor,1,12.0,12.0,Retail
2026-09-15,DB-1582,Field Notebook,Stationery,North,Morgan,1,12.0,12.0,Retail
2026-09-15,DB-1583,Travel Mug,Accessories,West,Riley,1,24.0,24.0,Partner
2026-09-15,DB-1584,Travel Mug,Accessories,East,Jordan,1,26.4,26.4,Partner
2026-09-15,DB-1585,Wireless Mouse,Electronics,East,Morgan,2,36.0,72.0,Online
2026-09-16,DB-1586,Weekly Planner,Stationery,West,Taylor,1,17.6,17.6,Online
2026-09-16,DB-1587,Desk Lamp,Office,South,Taylor,2,52.8,105.6,Online
2026-09-16,DB-1588,Canvas Tote,Accessories,South,Morgan,1,16.2,16.2,Retail
2026-09-16,DB-1589,Desk Lamp,Office,East,Riley,2,43.2,86.4,Online
2026-09-16,DB-1590,Travel Mug,Accessories,East,Morgan,1,21.6,21.6,Online
2026-09-16,DB-1591,Weekly Planner,Stationery,West,Riley,1,16.0,16.0,Online
2026-09-16,DB-1592,Canvas Tote,Accessories,East,Taylor,1,18.0,18.0,Retail
2026-09-17,DB-1593,Canvas Tote,Accessories,South,Jordan,2,19.8,39.6,Retail
2026-09-17,DB-1594,Field Notebook,Stationery,East,Avery,2,10.8,21.6,Retail
2026-09-17,DB-1595,Travel Mug,Accessories,East,Jordan,4,21.6,86.4,Retail
2026-09-17,DB-1596,Desk Lamp,Office,North,Morgan,2,52.8,105.6,Partner
2026-09-17,DB-1597,Wireless Mouse,Electronics,West,Jordan,3,32.4,97.2,Partner
2026-09-17,DB-1598,Canvas Tote,Accessories,East,Jordan,1,16.2,16.2,Online
2026-09-18,DB-1599,Weekly Planner,Stationery,East,Morgan,2,17.6,35.2,Retail
2026-09-18,DB-1600,Desk Lamp,Office,West,Jordan,1,48.0,48.0,Online
2026-09-18,DB-1601,Travel Mug,Accessories,East,Taylor,1,21.6,21.6,Retail
2026-09-18,DB-1602,Desk Lamp,Office,South,Morgan,1,48.0,48.0,Online
2026-09-18,DB-1603,Canvas Tote,Accessories,West,Riley,3,18.0,54.0,Retail
2026-09-18,DB-1604,Weekly Planner,Stationery,West,Jordan,1,17.6,17.6,Retail
2026-09-18,DB-1605,Canvas Tote,Accessories,North,Morgan,1,18.0,18.0,Retail
2026-09-18,DB-1606,Canvas Tote,Accessories,North,Jordan,1,18.0,18.0,Partner
2026-09-18,DB-1607,Weekly Planner,Stationery,West,Taylor,1,16.0,16.0,Online
2026-09-18,DB-1608,Wireless Mouse,Electronics,West,Taylor,1,36.0,36.0,Partner
2026-09-18,DB-1609,Canvas Tote,Accessories,West,Morgan,2,18.0,36.0,Online
2026-09-19,DB-1610,Weekly Planner,Stationery,South,Avery,1,17.6,17.6,Retail
2026-09-19,DB-1611,Desk Lamp,Office,South,Jordan,3,48.0,144.0,Online
2026-09-19,DB-1612,Field Notebook,Stationery,South,Jordan,1,12.0,12.0,Partner
2026-09-19,DB-1613,Travel Mug,Accessories,North,Riley,1,21.6,21.6,Partner
2026-09-19,DB-1614,Canvas Tote,Accessories,West,Avery,2,18.0,36.0,Partner
2026-09-19,DB-1615,Wireless Mouse,Electronics,North,Riley,2,36.0,72.0,Online
2026-09-19,DB-1616,Desk Lamp,Office,North,Avery,2,52.8,105.6,Partner
2026-09-19,DB-1617,Field Notebook,Stationery,East,Riley,2,13.2,26.4,Retail
2026-09-19,DB-1618,Canvas Tote,Accessories,West,Avery,2,19.8,39.6,Online
2026-09-19,DB-1619,Travel Mug,Accessories,West,Avery,1,26.4,26.4,Retail
2026-09-19,DB-1620,Travel Mug,Accessories,West,Morgan,2,21.6,43.2,Retail
2026-09-20,DB-1621,Travel Mug,Accessories,East,Morgan,2,24.0,48.0,Retail
2026-09-20,DB-1622,Weekly Planner,Stationery,South,Morgan,2,16.0,32.0,Partner
2026-09-20,DB-1623,Canvas Tote,Accessories,East,Riley,2,18.0,36.0,Partner
2026-09-20,DB-1624,Weekly Planner,Stationery,South,Riley,1,16.0,16.0,Partner
2026-09-20,DB-1625,Canvas Tote,Accessories,North,Taylor,2,18.0,36.0,Online
2026-09-21,DB-1626,Travel Mug,Accessories,South,Taylor,2,24.0,48.0,Partner
2026-09-21,DB-1627,Field Notebook,Stationery,North,Jordan,1,12.0,12.0,Online
2026-09-21,DB-1628,Canvas Tote,Accessories,South,Morgan,1,18.0,18.0,Retail
2026-09-21,DB-1629,Canvas Tote,Accessories,North,Jordan,1,16.2,16.2,Retail
2026-09-21,DB-1630,Canvas Tote,Accessories,West,Taylor,2,18.0,36.0,Partner
2026-09-21,DB-1631,Travel Mug,Accessories,North,Morgan,1,24.0,24.0,Online
2026-09-22,DB-1632,Field Notebook,Stationery,South,Jordan,1,13.2,13.2,Partner
2026-09-22,DB-1633,Desk Lamp,Office,West,Taylor,2,48.0,96.0,Online
2026-09-22,DB-1634,Weekly Planner,Stationery,South,Taylor,1,16.0,16.0,Online
2026-09-22,DB-1635,Desk Lamp,Office,East,Riley,1,48.0,48.0,Retail
2026-09-22,DB-1636,Travel Mug,Accessories,West,Morgan,1,24.0,24.0,Partner
2026-09-22,DB-1637,Wireless Mouse,Electronics,North,Avery,2,36.0,72.0,Partner
2026-09-22,DB-1638,Weekly Planner,Stationery,East,Morgan,4,16.0,64.0,Partner
2026-09-22,DB-1639,Field Notebook,Stationery,East,Morgan,1,12.0,12.0,Retail
2026-09-22,DB-1640,Travel Mug,Accessories,South,Jordan,2,24.0,48.0,Partner
2026-09-22,DB-1641,Desk Lamp,Office,West,Morgan,3,52.8,158.4,Partner
2026-09-22,DB-1642,Desk Lamp,Office,East,Morgan,2,48.0,96.0,Retail
2026-09-23,DB-1643,Canvas Tote,Accessories,South,Morgan,2,19.8,39.6,Partner
2026-09-23,DB-1644,Weekly Planner,Stationery,West,Morgan,1,17.6,17.6,Partner
2026-09-23,DB-1645,Travel Mug,Accessories,South,Morgan,3,26.4,79.2,Online
2026-09-23,DB-1646,Canvas Tote,Accessories,South,Morgan,1,18.0,18.0,Partner
2026-09-23,DB-1647,Field Notebook,Stationery,East,Riley,1,12.0,12.0,Retail
2026-09-23,DB-1648,Travel Mug,Accessories,West,Avery,1,24.0,24.0,Retail
2026-09-23,DB-1649,Field Notebook,Stationery,North,Riley,3,13.2,39.6,Online
2026-09-23,DB-1650,Wireless Mouse,Electronics,East,Riley,1,36.0,36.0,Online
2026-09-23,DB-1651,Desk Lamp,Office,East,Riley,1,48.0,48.0,Partner
2026-09-23,DB-1652,Canvas Tote,Accessories,North,Riley,1,18.0,18.0,Retail
2026-09-23,DB-1653,Weekly Planner,Stationery,North,Avery,4,16.0,64.0,Retail
2026-09-24,DB-1654,Desk Lamp,Office,South,Riley,2,48.0,96.0,Online
2026-09-24,DB-1655,Desk Lamp,Office,West,Riley,2,48.0,96.0,Retail
2026-09-24,DB-1656,Canvas Tote,Accessories,South,Morgan,1,19.8,19.8,Online
2026-09-24,DB-1657,Travel Mug,Accessories,South,Avery,2,26.4,52.8,Partner
2026-09-24,DB-1658,Field Notebook,Stationery,South,Morgan,2,12.0,24.0,Retail
2026-09-24,DB-1659,Desk Lamp,Office,East,Jordan,1,52.8,52.8,Online
2026-09-24,DB-1660,Field Notebook,Stationery,West,Taylor,1,12.0,12.0,Partner
2026-09-24,DB-1661,Wireless Mouse,Electronics,East,Riley,1,36.0,36.0,Retail
2026-09-24,DB-1662,Desk Lamp,Office,North,Jordan,1,48.0,48.0,Online
2026-09-25,DB-1663,Desk Lamp,Office,South,Avery,2,52.8,105.6,Retail
2026-09-25,DB-1664,Weekly Planner,Stationery,West,Morgan,2,14.4,28.8,Partner
2026-09-25,DB-1665,Wireless Mouse,Electronics,North,Avery,1,32.4,32.4,Online
2026-09-25,DB-1666,Weekly Planner,Stationery,West,Avery,1,16.0,16.0,Partner
2026-09-25,DB-1667,Travel Mug,Accessories,South,Avery,1,24.0,24.0,Retail
2026-09-25,DB-1668,Canvas Tote,Accessories,East,Taylor,2,19.8,39.6,Partner
2026-09-25,DB-1669,Weekly Planner,Stationery,North,Morgan,1,14.4,14.4,Online
2026-09-26,DB-1670,Canvas Tote,Accessories,East,Taylor,1,18.0,18.0,Online
2026-09-26,DB-1671,Travel Mug,Accessories,South,Avery,2,24.0,48.0,Partner
2026-09-26,DB-1672,Canvas Tote,Accessories,East,Jordan,3,18.0,54.0,Online
2026-09-26,DB-1673,Field Notebook,Stationery,West,Jordan,2,10.8,21.6,Online
2026-09-26,DB-1674,Wireless Mouse,Electronics,East,Jordan,1,32.4,32.4,Retail
2026-09-26,DB-1675,Travel Mug,Accessories,North,Jordan,1,21.6,21.6,Online
2026-09-27,DB-1676,Travel Mug,Accessories,West,Avery,2,24.0,48.0,Online
2026-09-27,DB-1677,Field Notebook,Stationery,South,Morgan,1,12.0,12.0,Retail
2026-09-27,DB-1678,Canvas Tote,Accessories,North,Morgan,4,18.0,72.0,Retail
2026-09-27,DB-1679,Desk Lamp,Office,West,Morgan,1,48.0,48.0,Retail
2026-09-27,DB-1680,Weekly Planner,Stationery,South,Avery,3,16.0,48.0,Online
2026-09-27,DB-1681,Weekly Planner,Stationery,North,Riley,2,16.0,32.0,Partner
2026-09-27,DB-1682,Canvas Tote,Accessories,South,Taylor,2,18.0,36.0,Retail
2026-09-27,DB-1683,Travel Mug,Accessories,West,Riley,2,24.0,48.0,Online
2026-09-27,DB-1684,Canvas Tote,Accessories,East,Morgan,1,16.2,16.2,Online
2026-09-28,DB-1685,Weekly Planner,Stationery,South,Morgan,2,17.6,35.2,Partner
2026-09-28,DB-1686,Wireless Mouse,Electronics,North,Riley,2,39.6,79.2,Partner
2026-09-28,DB-1687,Weekly Planner,Stationery,West,Jordan,1,16.0,16.0,Partner
2026-09-28,DB-1688,Wireless Mouse,Electronics,West,Riley,1,36.0,36.0,Online
2026-09-28,DB-1689,Field Notebook,Stationery,South,Morgan,2,12.0,24.0,Retail
2026-09-28,DB-1690,Field Notebook,Stationery,West,Riley,1,13.2,13.2,Online
2026-09-28,DB-1691,Field Notebook,Stationery,West,Avery,1,13.2,13.2,Retail
2026-09-28,DB-1692,Canvas Tote,Accessories,North,Avery,1,18.0,18.0,Retail
2026-09-28,DB-1693,Canvas Tote,Accessories,North,Avery,1,19.8,19.8,Partner
2026-09-28,DB-1694,Wireless Mouse,Electronics,South,Riley,2,39.6,79.2,Retail
2026-09-28,DB-1695,Travel Mug,Accessories,West,Morgan,2,24.0,48.0,Partner
2026-09-28,DB-1696,Wireless Mouse,Electronics,West,Avery,2,36.0,72.0,Online
2026-09-28,DB-1697,Weekly Planner,Stationery,East,Morgan,1,16.0,16.0,Partner
2026-09-29,DB-1698,Travel Mug,Accessories,South,Riley,2,21.6,43.2,Online
2026-09-29,DB-1699,Weekly Planner,Stationery,North,Morgan,2,16.0,32.0,Partner
2026-09-29,DB-1700,Desk Lamp,Office,South,Riley,1,48.0,48.0,Online
2026-09-29,DB-1701,Weekly Planner,Stationery,North,Taylor,1,16.0,16.0,Online
2026-09-29,DB-1702,Canvas Tote,Accessories,South,Riley,1,19.8,19.8,Online
2026-09-29,DB-1703,Wireless Mouse,Electronics,West,Taylor,2,39.6,79.2,Retail
2026-09-29,DB-1704,Wireless Mouse,Electronics,South,Jordan,2,36.0,72.0,Online
2026-09-29,DB-1705,Canvas Tote,Accessories,East,Taylor,2,19.8,39.6,Retail
2026-09-29,DB-1706,Canvas Tote,Accessories,East,Riley,4,18.0,72.0,Retail
2026-09-29,DB-1707,Travel Mug,Accessories,South,Riley,1,24.0,24.0,Partner
2026-09-29,DB-1708,Weekly Planner,Stationery,East,Taylor,3,17.6,52.8,Retail
2026-09-29,DB-1709,Weekly Planner,Stationery,South,Jordan,2,17.6,35.2,Online
2026-09-29,DB-1710,Wireless Mouse,Electronics,South,Jordan,2,36.0,72.0,Partner
2026-09-30,DB-1711,Weekly Planner,Stationery,East,Taylor,2,14.4,28.8,Retail
2026-09-30,DB-1712,Wireless Mouse,Electronics,East,Riley,2,36.0,72.0,Online
2026-09-30,DB-1713,Wireless Mouse,Electronics,South,Avery,1,36.0,36.0,Partner
2026-09-30,DB-1714,Field Notebook,Stationery,East,Morgan,1,12.0,12.0,Online
2026-09-30,DB-1715,Field Notebook,Stationery,South,Taylor,2,12.0,24.0,Online
2026-09-30,DB-1716,Travel Mug,Accessories,South,Taylor,2,21.6,43.2,Retail
2026-09-30,DB-1717,Desk Lamp,Office,North,Riley,1,48.0,48.0,Retail
2026-09-30,DB-1718,Canvas Tote,Accessories,North,Avery,4,18.0,72.0,Partner
2026-09-30,DB-1719,Travel Mug,Accessories,South,Morgan,1,24.0,24.0,Partner
2026-09-30,DB-1720,Wireless Mouse,Electronics,South,Morgan,2,36.0,72.0,Retail
2026-09-30,DB-1721,Desk Lamp,Office,South,Jordan,4,43.2,172.8,Partner
2026-09-30,DB-1722,Wireless Mouse,Electronics,West,Morgan,1,32.4,32.4,Partner
2026-09-30,DB-1723,Travel Mug,Accessories,East,Avery,1,26.4,26.4,Retail
2026-10-01,DB-1724,Weekly Planner,Stationery,South,Morgan,3,14.4,43.2,Partner
2026-10-01,DB-1725,Field Notebook,Stationery,East,Riley,2,13.2,26.4,Partner
2026-10-01,DB-1726,Wireless Mouse,Electronics,South,Jordan,1,36.0,36.0,Partner
2026-10-01,DB-1727,Field Notebook,Stationery,West,Taylor,2,12.0,24.0,Partner
2026-10-01,DB-1728,Canvas Tote,Accessories,South,Morgan,1,18.0,18.0,Retail
2026-10-01,DB-1729,Travel Mug,Accessories,West,Taylor,1,26.4,26.4,Partner
2026-10-01,DB-1730,Field Notebook,Stationery,West,Jordan,1,12.0,12.0,Partner
2026-10-01,DB-1731,Wireless Mouse,Electronics,North,Morgan,3,36.0,108.0,Retail
2026-10-01,DB-1732,Field Notebook,Stationery,East,Avery,1,13.2,13.2,Partner
2026-10-01,DB-1733,Travel Mug,Accessories,West,Riley,1,26.4,26.4,Online
2026-10-01,DB-1734,Travel Mug,Accessories,East,Taylor,3,24.0,72.0,Online
2026-10-01,DB-1735,Field Notebook,Stationery,North,Avery,1,13.2,13.2,Online
2026-10-02,DB-1736,Weekly Planner,Stationery,South,Taylor,1,14.4,14.4,Partner
2026-10-02,DB-1737,Weekly Planner,Stationery,South,Avery,2,14.4,28.8,Retail
2026-10-02,DB-1738,Weekly Planner,Stationery,North,Avery,1,14.4,14.4,Online
2026-10-02,DB-1739,Travel Mug,Accessories,South,Morgan,2,26.4,52.8,Retail
2026-10-02,DB-1740,Canvas Tote,Accessories,West,Morgan,1,18.0,18.0,Online
2026-10-02,DB-1741,Canvas Tote,Accessories,North,Taylor,2,19.8,39.6,Online
2026-10-02,DB-1742,Weekly Planner,Stationery,East,Taylor,2,14.4,28.8,Online
2026-10-02,DB-1743,Travel Mug,Accessories,North,Morgan,2,24.0,48.0,Retail
2026-10-03,DB-1744,Canvas Tote,Accessories,West,Jordan,2,16.2,32.4,Partner
2026-10-03,DB-1745,Desk Lamp,Office,East,Jordan,1,48.0,48.0,Retail
2026-10-03,DB-1746,Weekly Planner,Stationery,North,Taylor,3,16.0,48.0,Partner
2026-10-03,DB-1747,Desk Lamp,Office,West,Taylor,1,43.2,43.2,Partner
2026-10-03,DB-1748,Field Notebook,Stationery,South,Riley,1,12.0,12.0,Partner
2026-10-03,DB-1749,Wireless Mouse,Electronics,South,Taylor,1,36.0,36.0,Retail
2026-10-03,DB-1750,Desk Lamp,Office,North,Taylor,1,52.8,52.8,Retail
2026-10-03,DB-1751,Weekly Planner,Stationery,North,Morgan,1,16.0,16.0,Online
2026-10-03,DB-1752,Desk Lamp,Office,East,Morgan,2,48.0,96.0,Online
2026-10-03,DB-1753,Weekly Planner,Stationery,East,Taylor,2,14.4,28.8,Online
2026-10-03,DB-1754,Desk Lamp,Office,East,Taylor,1,48.0,48.0,Partner
2026-10-04,DB-1755,Weekly Planner,Stationery,East,Morgan,2,17.6,35.2,Retail
2026-10-04,DB-1756,Desk Lamp,Office,South,Riley,1,48.0,48.0,Retail
2026-10-04,DB-1757,Travel Mug,Accessories,West,Riley,1,24.0,24.0,Retail
2026-10-04,DB-1758,Travel Mug,Accessories,North,Jordan,2,24.0,48.0,Partner
2026-10-04,DB-1759,Wireless Mouse,Electronics,South,Taylor,1,36.0,36.0,Online
2026-10-04,DB-1760,Travel Mug,Accessories,North,Avery,2,21.6,43.2,Partner
2026-10-04,DB-1761,Weekly Planner,Stationery,West,Taylor,1,17.6,17.6,Online
2026-10-04,DB-1762,Field Notebook,Stationery,West,Jordan,2,13.2,26.4,Retail
2026-10-04,DB-1763,Canvas Tote,Accessories,East,Jordan,1,19.8,19.8,Retail
2026-10-05,DB-1764,Wireless Mouse,Electronics,North,Jordan,1,36.0,36.0,Partner
2026-10-05,DB-1765,Weekly Planner,Stationery,South,Riley,1,17.6,17.6,Online
2026-10-05,DB-1766,Desk Lamp,Office,South,Riley,2,52.8,105.6,Retail
2026-10-05,DB-1767,Field Notebook,Stationery,South,Avery,1,12.0,12.0,Retail
2026-10-05,DB-1768,Travel Mug,Accessories,East,Riley,1,24.0,24.0,Retail
2026-10-05,DB-1769,Canvas Tote,Accessories,East,Avery,3,16.2,48.6,Partner
2026-10-05,DB-1770,Wireless Mouse,Electronics,East,Taylor,2,36.0,72.0,Partner
2026-10-05,DB-1771,Wireless Mouse,Electronics,East,Taylor,1,36.0,36.0,Partner
2026-10-05,DB-1772,Field Notebook,Stationery,South,Taylor,1,12.0,12.0,Retail
2026-10-05,DB-1773,Travel Mug,Accessories,West,Riley,2,24.0,48.0,Partner
2026-10-05,DB-1774,Field Notebook,Stationery,West,Jordan,1,12.0,12.0,Online
2026-10-05,DB-1775,Field Notebook,Stationery,South,Jordan,1,12.0,12.0,Online
2026-10-05,DB-1776,Desk Lamp,Office,South,Riley,1,43.2,43.2,Retail
2026-10-06,DB-1777,Canvas Tote,Accessories,South,Taylor,2,18.0,36.0,Online
2026-10-06,DB-1778,Weekly Planner,Stationery,South,Avery,3,14.4,43.2,Online
2026-10-06,DB-1779,Wireless Mouse,Electronics,North,Taylor,2,36.0,72.0,Online
2026-10-06,DB-1780,Field Notebook,Stationery,West,Taylor,1,12.0,12.0,Partner
2026-10-06,DB-1781,Weekly Planner,Stationery,North,Jordan,1,16.0,16.0,Retail
2026-10-06,DB-1782,Wireless Mouse,Electronics,South,Jordan,4,36.0,144.0,Retail
2026-10-07,DB-1783,Wireless Mouse,Electronics,East,Jordan,2,36.0,72.0,Partner
2026-10-07,DB-1784,Weekly Planner,Stationery,North,Jordan,1,16.0,16.0,Retail
2026-10-07,DB-1785,Canvas Tote,Accessories,South,Taylor,1,16.2,16.2,Partner
2026-10-07,DB-1786,Weekly Planner,Stationery,North,Jordan,1,16.0,16.0,Retail
2026-10-07,DB-1787,Wireless Mouse,Electronics,North,Avery,2,39.6,79.2,Retail
2026-10-07,DB-1788,Weekly Planner,Stationery,North,Riley,1,17.6,17.6,Partner
2026-10-07,DB-1789,Canvas Tote,Accessories,West,Jordan,1,16.2,16.2,Retail
2026-10-08,DB-1790,Travel Mug,Accessories,North,Riley,2,26.4,52.8,Online
2026-10-08,DB-1791,Travel Mug,Accessories,North,Morgan,1,24.0,24.0,Partner
2026-10-08,DB-1792,Wireless Mouse,Electronics,North,Avery,1,36.0,36.0,Partner
2026-10-08,DB-1793,Wireless Mouse,Electronics,West,Jordan,1,32.4,32.4,Partner
2026-10-08,DB-1794,Travel Mug,Accessories,South,Riley,1,21.6,21.6,Partner
2026-10-08,DB-1795,Wireless Mouse,Electronics,West,Taylor,1,39.6,39.6,Retail
2026-10-08,DB-1796,Wireless Mouse,Electronics,South,Riley,1,36.0,36.0,Partner
2026-10-08,DB-1797,Wireless Mouse,Electronics,West,Morgan,1,36.0,36.0,Retail
2026-10-08,DB-1798,Wireless Mouse,Electronics,South,Avery,1,36.0,36.0,Partner
2026-10-08,DB-1799,Desk Lamp,Office,North,Jordan,1,48.0,48.0,Partner
2026-10-08,DB-1800,Canvas Tote,Accessories,North,Jordan,2,19.8,39.6,Retail
2026-10-09,DB-1801,Field Notebook,Stationery,West,Avery,2,12.0,24.0,Online
2026-10-09,DB-1802,Travel Mug,Accessories,North,Riley,1,21.6,21.6,Retail
2026-10-09,DB-1803,Wireless Mouse,Electronics,North,Jordan,2,36.0,72.0,Partner
2026-10-09,DB-1804,Canvas Tote,Accessories,East,Jordan,1,18.0,18.0,Online
2026-10-09,DB-1805,Wireless Mouse,Electronics,South,Avery,1,36.0,36.0,Retail
